1ｺｰﾅｰ,2ｺｰﾅｰ,3ｺｰﾅｰ,4ｺｰﾅｰ,グレード,タイム,データソース,トラック,上がり3F,人気,付加賞金,単勝ｵｯｽﾞ,場名,天候,年,性別,所属,斤量,日,月,本賞金,母,母父,毛色,水分,父,父父,生年,生産者,着順_num,競走名,競走条件,競走種別,競走記号,脚質,誕生月,調教師,距離,重量種別,頭数,馬主,馬体重,馬場状態,馬齢,騎手,Ｒ
,,,,,,,,,7.0,,27.5,,,,,,55,,,,,,,,,,,,,,,,,,,,1000,,12,,,,3,,
,,,,,,,,,12.0,,317.6,,,,,,54,,,,,,,,,,,,,,,,,,,,1000,,12,,,,3,,
,,,,,,,,,5.0,,12.2,,,,,,55,,,,,,,,,,,,,,,,,,,,1000,,12,,,,3,,
,,,,,,,,,6.0,,23.5,,,,,,55,,,,,,,,,,,,,,,,,,,,1000,,12,,,,3,,
,,,,,,,,,1.0,,2.6,,,,,,57,,,,,,,,,,,,,,,,,,,,1000,,12,,,,3,,
,,,,,,,,,11.0,,233.6,,,,,,57,,,,,,,,,,,,,,,,,,,,1000,,12,,,,3,,
,,,,,,,,,9.0,,147.5,,,,,,55,,,,,,,,,,,,,,,,,,,,1000,,12,,,,3,,
,,,,,,,,,2.0,,3.0,,,,,,57,,,,,,,,,,,,,,,,,,,,1000,,12,,,,3,,
,,,,,,,,,8.0,,39.8,,,,,,55,,,,,,,,,,,,,,,,,,,,1000,,12,,,,3,,
,,,,,,,,,10.0,,147.9,,,,,,55,,,,,,,,,,,,,,,,,,,,1000,,12,,,,3,,
,,,,,,,,,4.0,,6.9,,,,,,55,,,,,,,,,,,,,,,,,,,,1000,,12,,,,3,,
,,,,,,,,,3.0,,5.6,,,,,,55,,,,,,,,,,,,,,,,,,,,1000,,12,,,,3,,
,,,,,,,,,4.0,,15.4,,,,,,55,,,,,,,,,,,,,,,,,,,,1000,,10,,,,2,,
,,,,,,,,,3.0,,13.5,,,,,,55,,,,,,,,,,,,,,,,,,,,1000,,10,,,,2,,
,,,,,,,,,6.0,,49.0,,,,,,55,,,,,,,,,,,,,,,,,,,,1000,,10,,,,2,,
,,,,,,,,,1.0,,1.3,,,,,,55,,,,,,,,,,,,,,,,,,,,1000,,10,,,,2,,
,,,,,,,,,10.0,,134.9,,,,,,54,,,,,,,,,,,,,,,,,,,,1000,,10,,,,2,,
,,,,,,,,,5.0,,34.2,,,,,,55,,,,,,,,,,,,,,,,,,,,1000,,10,,,,2,,
,,,,,,,,,9.0,,127.4,,,,,,55,,,,,,,,,,,,,,,,,,,,1000,,10,,,,2,,
,,,,,,,,,2.0,,4.1,,,,,,55,,,,,,,,,,,,,,,,,,,,1000,,10,,,,2,,
,,,,,,,,,8.0,,100.8,,,,,,55,,,,,,,,,,,,,,,,,,,,1000,,10,,,,2,,
,,,,,,,,,7.0,,94.7,,,,,,55,,,,,,,,,,,,,,,,,,,,1000,,10,,,,2,,
,,,,,,,,,7.0,,12.5,,,,,,55,,,,,,,,,,,,,,,,,,,,1100,,12,,,,2,,
,,,,,,,,,6.0,,8.5,,,,,,55,,,,,,,,,,,,,,,,,,,,1100,,12,,,,2,,
,,,,,,,,,1.0,,3.9,,,,,,55,,,,,,,,,,,,,,,,,,,,1100,,12,,,,2,,
,,,,,,,,,10.0,,18.2,,,,,,55,,,,,,,,,,,,,,,,,,,,1100,,12,,,,2,,
,,,,,,,,,3.0,,7.8,,,,,,55,,,,,,,,,,,,,,,,,,,,1100,,12,,,,2,,
,,,,,,,,,9.0,,17.2,,,,,,55,,,,,,,,,,,,,,,,,,,,1100,,12,,,,2,,
,,,,,,,,,8.0,,13.7,,,,,,55,,,,,,,,,,,,,,,,,,,,1100,,12,,,,2,,
,,,,,,,,,5.0,,8.4,,,,,,55,,,,,,,,,,,,,,,,,,,,1100,,12,,,,2,,
,,,,,,,,,4.0,,8.1,,,,,,55,,,,,,,,,,,,,,,,,,,,1100,,12,,,,2,,
,,,,,,,,,2.0,,7.2,,,,,,55,,,,,,,,,,,,,,,,,,,,1100,,12,,,,2,,
,,,,,,,,,12.0,,20.8,,,,,,55,,,,,,,,,,,,,,,,,,,,1100,,12,,,,2,,
,,,,,,,,,11.0,,19.6,,,,,,55,,,,,,,,,,,,,,,,,,,,1100,,12,,,,2,,
,,,,,,,,,9.0,,15.7,,,,,,54,,,,,,,,,,,,,,,,,,,,1000,,12,,,,2,,
,,,,,,,,,10.0,,18.2,,,,,,55,,,,,,,,,,,,,,,,,,,,1000,,12,,,,2,,
,,,,,,,,,5.0,,10.0,,,,,,55,,,,,,,,,,,,,,,,,,,,1000,,12,,,,2,,
,,,,,,,,,7.0,,13.3,,,,,,55,,,,,,,,,,,,,,,,,,,,1000,,12,,,,2,,
,,,,,,,,,12.0,,29.3,,,,,,55,,,,,,,,,,,,,,,,,,,,1000,,12,,,,2,,
,,,,,,,,,4.0,,7.3,,,,,,55,,,,,,,,,,,,,,,,,,,,1000,,12,,,,2,,
,,,,,,,,,3.0,,6.2,,,,,,55,,,,,,,,,,,,,,,,,,,,1000,,12,,,,2,,
,,,,,,,,,2.0,,5.6,,,,,,55,,,,,,,,,,,,,,,,,,,,1000,,12,,,,2,,
,,,,,,,,,1.0,,4.2,,,,,,55,,,,,,,,,,,,,,,,,,,,1000,,12,,,,2,,
,,,,,,,,,8.0,,13.3,,,,,,55,,,,,,,,,,,,,,,,,,,,1000,,12,,,,2,,
,,,,,,,,,11.0,,24.2,,,,,,55,,,,,,,,,,,,,,,,,,,,1000,,12,,,,2,,
,,,,,,,,,6.0,,11.0,,,,,,55,,,,,,,,,,,,,,,,,,,,1000,,12,,,,2,,
,,,,,,,,,6.0,,13.3,,,,,,55,,,,,,,,,,,,,,,,,,,,1000,,9,,,,3,,
,,,,,,,,,4.0,,10.0,,,,,,56,,,,,,,,,,,,,,,,,,,,1000,,9,,,,3,,
,,,,,,,,,5.0,,10.8,,,,,,57,,,,,,,,,,,,,,,,,,,,1000,,9,,,,3,,
,,,,,,,,,2.0,,2.8,,,,,,57,,,,,,,,,,,,,,,,,,,,1000,,9,,,,3,,
,,,,,,,,,8.0,,27.3,,,,,,54,,,,,,,,,,,,,,,,,,,,1000,,9,,,,3,,
,,,,,,,,,3.0,,6.9,,,,,,57,,,,,,,,,,,,,,,,,,,,1000,,9,,,,3,,
,,,,,,,,,7.0,,23.4,,,,,,55,,,,,,,,,,,,,,,,,,,,1000,,9,,,,3,,
,,,,,,,,,9.0,,53.1,,,,,,55,,,,,,,,,,,,,,,,,,,,1000,,9,,,,3,,
,,,,,,,,,1.0,,2.6,,,,,,55,,,,,,,,,,,,,,,,,,,,1000,,9,,,,3,,
,,,,,,,,,9.0,,72.0,,,,,,55,,,,,,,,,,,,,,,,,,,,1000,,9,,,,4,,
,,,,,,,,,1.0,,3.7,,,,,,55,,,,,,,,,,,,,,,,,,,,1000,,9,,,,4,,
,,,,,,,,,7.0,,13.7,,,,,,54,,,,,,,,,,,,,,,,,,,,1000,,9,,,,5,,
,,,,,,,,,4.0,,4.7,,,,,,55,,,,,,,,,,,,,,,,,,,,1000,,9,,,,5,,
,,,,,,,,,3.0,,4.3,,,,,,55,,,,,,,,,,,,,,,,,,,,1000,,9,,,,4,,
,,,,,,,,,5.0,,10.8,,,,,,55,,,,,,,,,,,,,,,,,,,,1000,,9,,,,4,,
,,,,,,,,,6.0,,12.6,,,,,,52,,,,,,,,,,,,,,,,,,,,1000,,9,,,,4,,
,,,,,,,,,8.0,,43.6,,,,,,57,,,,,,,,,,,,,,,,,,,,1000,,9,,,,7,,
,,,,,,,,,2.0,,3.9,,,,,,57,,,,,,,,,,,,,,,,,,,,1000,,9,,,,4,,
,,,,,,,,,4.0,,10.5,,,,,,57,,,,,,,,,,,,,,,,,,,,1200,,13,,,,9,,
,,,,,,,,,12.0,,98.5,,,,,,55,,,,,,,,,,,,,,,,,,,,1200,,13,,,,5,,
,,,,,,,,,7.0,,40.1,,,,,,57,,,,,,,,,,,,,,,,,,,,1200,,13,,,,5,,
,,,,,,,,,9.0,,41.5,,,,,,52,,,,,,,,,,,,,,,,,,,,1200,,13,,,,8,,
,,,,,,,,,5.0,,25.7,,,,,,57,,,,,,,,,,,,,,,,,,,,1200,,13,,,,5,,
,,,,,,,,,8.0,,40.7,,,,,,55,,,,,,,,,,,,,,,,,,,,1200,,13,,,,4,,
,,,,,,,,,10.0,,58.3,,,,,,55,,,,,,,,,,,,,,,,,,,,1200,,13,,,,5,,
,,,,,,,,,3.0,,6.3,,,,,,55,,,,,,,,,,,,,,,,,,,,1200,,13,,,,4,,
,,,,,,,,,1.0,,2.2,,,,,,56,,,,,,,,,,,,,,,,,,,,1200,,13,,,,4,,
,,,,,,,,,13.0,,321.0,,,,,,57,,,,,,,,,,,,,,,,,,,,1200,,13,,,,5,,
,,,,,,,,,11.0,,70.7,,,,,,55,,,,,,,,,,,,,,,,,,,,1200,,13,,,,5,,
,,,,,,,,,2.0,,2.8,,,,,,57,,,,,,,,,,,,,,,,,,,,1200,,13,,,,4,,
,,,,,,,,,6.0,,34.8,,,,,,56,,,,,,,,,,,,,,,,,,,,1200,,13,,,,4,,
,,,,,,,,,3.0,,13.4,,,,,,57,,,,,,,,,,,,,,,,,,,,1700,,12,,,,4,,
,,,,,,,,,1.0,,2.0,,,,,,55,,,,,,,,,,,,,,,,,,,,1700,,12,,,,3,,
,,,,,,,,,6.0,,34.0,,,,,,55,,,,,,,,,,,,,,,,,,,,1700,,12,,,,4,,
,,,,,,,,,7.0,,74.2,,,,,,55,,,,,,,,,,,,,,,,,,,,1700,,12,,,,7,,
,,,,,,,,,4.0,,15.0,,,,,,57,,,,,,,,,,,,,,,,,,,,1700,,12,,,,4,,
,,,,,,,,,11.0,,244.4,,,,,,56,,,,,,,,,,,,,,,,,,,,1700,,12,,,,12,,
,,,,,,,,,2.0,,2.1,,,,,,57,,,,,,,,,,,,,,,,,,,,1700,,12,,,,3,,
,,,,,,,,,10.0,,229.6,,,,,,55,,,,,,,,,,,,,,,,,,,,1700,,12,,,,4,,
,,,,,,,,,12.0,,263.2,,,,,,56,,,,,,,,,,,,,,,,,,,,1700,,12,,,,3,,
,,,,,,,,,8.0,,79.4,,,,,,57,,,,,,,,,,,,,,,,,,,,1700,,12,,,,8,,
,,,,,,,,,5.0,,16.1,,,,,,57,,,,,,,,,,,,,,,,,,,,1700,,12,,,,4,,
,,,,,,,,,9.0,,117.1,,,,,,57,,,,,,,,,,,,,,,,,,,,1700,,12,,,,4,,
,,,,,,,,,7.0,,18.7,,,,,,55,,,,,,,,,,,,,,,,,,,,1200,,11,,,,6,,
,,,,,,,,,3.0,,9.6,,,,,,55,,,,,,,,,,,,,,,,,,,,1200,,11,,,,3,,
,,,,,,,,,6.0,,18.6,,,,,,57,,,,,,,,,,,,,,,,,,,,1200,,11,,,,3,,
,,,,,,,,,4.0,,12.2,,,,,,52,,,,,,,,,,,,,,,,,,,,1200,,11,,,,5,,
,,,,,,,,,5.0,,15.1,,,,,,57,,,,,,,,,,,,,,,,,,,,1200,,11,,,,5,,
,,,,,,,,,1.0,,1.6,,,,,,55,,,,,,,,,,,,,,,,,,,,1200,,11,,,,3,,
,,,,,,,,,9.0,,34.3,,,,,,56,,,,,,,,,,,,,,,,,,,,1200,,11,,,,4,,
,,,,,,,,,11.0,,142.1,,,,,,55,,,,,,,,,,,,,,,,,,,,1200,,11,,,,9,,
,,,,,,,,,8.0,,23.3,,,,,,57,,,,,,,,,,,,,,,,,,,,1200,,11,,,,7,,
,,,,,,,,,2.0,,5.8,,,,,,57,,,,,,,,,,,,,,,,,,,,1200,,11,,,,3,,
,,,,,,,,,10.0,,40.2,,,,,,54,,,,,,,,,,,,,,,,,,,,1200,,11,,,,6,,
,,,,,,,,,6.0,,34.0,,,,,,55,,,,,,,,,,,,,,,,,,,,1000,,12,,,,8,,
,,,,,,,,,1.0,,1.7,,,,,,57,,,,,,,,,,,,,,,,,,,,1000,,12,,,,3,,
,,,,,,,,,7.0,,86.2,,,,,,55,,,,,,,,,,,,,,,,,,,,1000,,12,,,,9,,
,,,,,,,,,4.0,,10.5,,,,,,55,,,,,,,,,,,,,,,,,,,,1000,,12,,,,3,,
,,,,,,,,,2.0,,3.0,,,,,,57,,,,,,,,,,,,,,,,,,,,1000,,12,,,,3,,
,,,,,,,,,9.0,,127.3,,,,,,56,,,,,,,,,,,,,,,,,,,,1000,,12,,,,5,,
,,,,,,,,,3.0,,8.5,,,,,,55,,,,,,,,,,,,,,,,,,,,1000,,12,,,,4,,
,,,,,,,,,12.0,,282.6,,,,,,57,,,,,,,,,,,,,,,,,,,,1000,,12,,,,3,,
,,,,,,,,,5.0,,20.8,,,,,,55,,,,,,,,,,,,,,,,,,,,1000,,12,,,,4,,
,,,,,,,,,8.0,,109.1,,,,,,55,,,,,,,,,,,,,,,,,,,,1000,,12,,,,3,,
,,,,,,,,,11.0,,268.0,,,,,,55,,,,,,,,,,,,,,,,,,,,1000,,12,,,,5,,
,,,,,,,,,10.0,,184.1,,,,,,55,,,,,,,,,,,,,,,,,,,,1000,,12,,,,6,,
,,,,,,,,,6.0,,34.7,,,,,,57,,,,,,,,,,,,,,,,,,,,1200,,9,,,,5,,
,,,,,,,,,9.0,,329.0,,,,,,57,,,,,,,,,,,,,,,,,,,,1200,,9,,,,6,,
,,,,,,,,,2.0,,3.1,,,,,,55,,,,,,,,,,,,,,,,,,,,1200,,9,,,,6,,
,,,,,,,,,4.0,,9.3,,,,,,57,,,,,,,,,,,,,,,,,,,,1200,,9,,,,6,,
,,,,,,,,,7.0,,49.2,,,,,,56,,,,,,,,,,,,,,,,,,,,1200,,9,,,,7,,
,,,,,,,,,5.0,,9.8,,,,,,53,,,,,,,,,,,,,,,,,,,,1200,,9,,,,4,,
,,,,,,,,,3.0,,5.5,,,,,,56,,,,,,,,,,,,,,,,,,,,1200,,9,,,,6,,
,,,,,,,,,8.0,,172.1,,,,,,56,,,,,,,,,,,,,,,,,,,,1200,,9,,,,9,,
,,,,,,,,,1.0,,2.1,,,,,,54,,,,,,,,,,,,,,,,,,,,1200,,9,,,,4,,
,,,,,,,,,1.0,,1.7,,,,,,55,,,,,,,,,,,,,,,,,,,,1600,,7,,,,4,,
,,,,,,,,,7.0,,818.4,,,,,,54,,,,,,,,,,,,,,,,,,,,1600,,7,,,,7,,
,,,,,,,,,4.0,,21.4,,,,,,55,,,,,,,,,,,,,,,,,,,,1600,,7,,,,4,,
,,,,,,,,,2.0,,3.1,,,,,,55,,,,,,,,,,,,,,,,,,,,1600,,7,,,,4,,
,,,,,,,,,5.0,,24.2,,,,,,54,,,,,,,,,,,,,,,,,,,,1600,,7,,,,4,,
,,,,,,,,,6.0,,42.6,,,,,,55,,,,,,,,,,,,,,,,,,,,1600,,7,,,,5,,
,,,,,,,,,3.0,,4.8,,,,,,55,,,,,,,,,,,,,,,,,,,,1600,,7,,,,4,,
,,,,,,,,,11.0,,25.3,,,,,,56,,,,,,,,,,,,,,,,,,,,1600,,13,,,,5,,
,,,,,,,,,3.0,,5.8,,,,,,54,,,,,,,,,,,,,,,,,,,,1600,,13,,,,8,,
,,,,,,,,,7.0,,13.1,,,,,,56,,,,,,,,,,,,,,,,,,,,1600,,13,,,,7,,
,,,,,,,,,9.0,,18.3,,,,,,54,,,,,,,,,,,,,,,,,,,,1600,,13,,,,6,,
,,,,,,,,,13.0,,95.6,,,,,,51,,,,,,,,,,,,,,,,,,,,1600,,13,,,,5,,
,,,,,,,,,6.0,,11.0,,,,,,55,,,,,,,,,,,,,,,,,,,,1600,,13,,,,6,,
,,,,,,,,,2.0,,4.8,,,,,,56,,,,,,,,,,,,,,,,,,,,1600,,13,,,,6,,
,,,,,,,,,1.0,,4.3,,,,,,56,,,,,,,,,,,,,,,,,,,,1600,,13,,,,4,,
,,,,,,,,,4.0,,8.4,,,,,,54,,,,,,,,,,,,,,,,,,,,1600,,13,,,,4,,
,,,,,,,,,10.0,,20.8,,,,,,56,,,,,,,,,,,,,,,,,,,,1600,,13,,,,6,,
,,,,,,,,,12.0,,40.7,,,,,,56,,,,,,,,,,,,,,,,,,,,1600,,13,,,,4,,
,,,,,,,,,5.0,,8.7,,,,,,56,,,,,,,,,,,,,,,,,,,,1600,,13,,,,4,,
,,,,,,,,,8.0,,17.8,,,,,,54,,,,,,,,,,,,,,,,,,,,1600,,13,,,,6,,
,,,,,,,,,7.0,,23.5,,,,,,54,,,,,,,,,,,,,,,,,,,,1200,,13,,,,6,,
,,,,,,,,,8.0,,24.6,,,,,,54,,,,,,,,,,,,,,,,,,,,1200,,13,,,,4,,
,,,,,,,,,10.0,,57.6,,,,,,56,,,,,,,,,,,,,,,,,,,,1200,,13,,,,7,,
,,,,,,,,,4.0,,5.2,,,,,,51,,,,,,,,,,,,,,,,,,,,1200,,13,,,,5,,
,,,,,,,,,9.0,,28.6,,,,,,54,,,,,,,,,,,,,,,,,,,,1200,,13,,,,6,,
,,,,,,,,,6.0,,22.5,,,,,,56,,,,,,,,,,,,,,,,,,,,1200,,13,,,,4,,
,,,,,,,,,11.0,,77.7,,,,,,53,,,,,,,,,,,,,,,,,,,,1200,,13,,,,4,,
,,,,,,,,,2.0,,3.6,,,,,,56,,,,,,,,,,,,,,,,,,,,1200,,13,,,,7,,
,,,,,,,,,12.0,,98.7,,,,,,56,,,,,,,,,,,,,,,,,,,,1200,,13,,,,4,,
,,,,,,,,,5.0,,19.0,,,,,,56,,,,,,,,,,,,,,,,,,,,1200,,13,,,,8,,
,,,,,,,,,3.0,,5.1,,,,,,56,,,,,,,,,,,,,,,,,,,,1200,,13,,,,5,,
,,,,,,,,,1.0,,3.1,,,,,,53,,,,,,,,,,,,,,,,,,,,1200,,13,,,,7,,
,,,,,,,,,13.0,,99.6,,,,,,54,,,,,,,,,,,,,,,,,,,,1200,,13,,,,5,,
,,,,,,,,,1.0,,2.1,,,,,,56,,,,,,,,,,,,,,,,,,,,1600,,11,,,,3,,
,,,,,,,,,10.0,,58.3,,,,,,56,,,,,,,,,,,,,,,,,,,,1600,,11,,,,3,,
,,,,,,,,,8.0,,50.6,,,,,,56,,,,,,,,,,,,,,,,,,,,1600,,11,,,,3,,
,,,,,,,,,5.0,,13.6,,,,,,56,,,,,,,,,,,,,,,,,,,,1600,,11,,,,3,,
,,,,,,,,,4.0,,6.9,,,,,,54,,,,,,,,,,,,,,,,,,,,1600,,11,,,,3,,
,,,,,,,,,7.0,,37.6,,,,,,54,,,,,,,,,,,,,,,,,,,,1600,,11,,,,3,,
,,,,,,,,,9.0,,52.4,,,,,,56,,,,,,,,,,,,,,,,,,,,1600,,11,,,,3,,
,,,,,,,,,3.0,,6.1,,,,,,56,,,,,,,,,,,,,,,,,,,,1600,,11,,,,3,,
,,,,,,,,,2.0,,4.5,,,,,,56,,,,,,,,,,,,,,,,,,,,1600,,11,,,,3,,
,,,,,,,,,11.0,,69.6,,,,,,56,,,,,,,,,,,,,,,,,,,,1600,,11,,,,3,,
,,,,,,,,,6.0,,15.0,,,,,,54,,,,,,,,,,,,,,,,,,,,1600,,11,,,,3,,
,,,,,,,,,11.0,,160.6,,,,,,54,,,,,,,,,,,,,,,,,,,,1400,,14,,,,3,,
,,,,,,,,,13.0,,209.3,,,,,,56,,,,,,,,,,,,,,,,,,,,1400,,14,,,,3,,
,,,,,,,,,8.0,,38.6,,,,,,56,,,,,,,,,,,,,,,,,,,,1400,,14,,,,3,,
,,,,,,,,,7.0,,29.8,,,,,,54,,,,,,,,,,,,,,,,,,,,1400,,14,,,,3,,
,,,,,,,,,2.0,,4.3,,,,,,56,,,,,,,,,,,,,,,,,,,,1400,,14,,,,3,,
,,,,,,,,,6.0,,19.4,,,,,,56,,,,,,,,,,,,,,,,,,,,1400,,14,,,,3,,
,,,,,,,,,14.0,,256.2,,,,,,54,,,,,,,,,,,,,,,,,,,,1400,,14,,,,3,,
,,,,,,,,,1.0,,2.0,,,,,,56,,,,,,,,,,,,,,,,,,,,1400,,14,,,,3,,
,,,,,,,,,4.0,,9.6,,,,,,56,,,,,,,,,,,,,,,,,,,,1400,,14,,,,3,,
,,,,,,,,,9.0,,66.6,,,,,,56,,,,,,,,,,,,,,,,,,,,1400,,14,,,,3,,
,,,,,,,,,12.0,,196.0,,,,,,56,,,,,,,,,,,,,,,,,,,,1400,,14,,,,3,,
,,,,,,,,,5.0,,14.6,,,,,,56,,,,,,,,,,,,,,,,,,,,1400,,14,,,,3,,
,,,,,,,,,10.0,,153.7,,,,,,54,,,,,,,,,,,,,,,,,,,,1400,,14,,,,3,,
,,,,,,,,,3.0,,5.0,,,,,,56,,,,,,,,,,,,,,,,,,,,1400,,14,,,,3,,
,,,,,,,,,13.0,,274.8,,,,,,56,,,,,,,,,,,,,,,,,,,,1200,,13,,,,3,,
,,,,,,,,,6.0,,8.1,,,,,,54,,,,,,,,,,,,,,,,,,,,1200,,13,,,,3,,
,,,,,,,,,3.0,,5.6,,,,,,54,,,,,,,,,,,,,,,,,,,,1200,,13,,,,3,,
,,,,,,,,,8.0,,19.9,,,,,,56,,,,,,,,,,,,,,,,,,,,1200,,13,,,,3,,
,,,,,,,,,11.0,,58.2,,,,,,54,,,,,,,,,,,,,,,,,,,,1200,,13,,,,3,,
,,,,,,,,,10.0,,31.2,,,,,,56,,,,,,,,,,,,,,,,,,,,1200,,13,,,,3,,
,,,,,,,,,7.0,,18.5,,,,,,56,,,,,,,,,,,,,,,,,,,,1200,,13,,,,3,,
,,,,,,,,,4.0,,6.3,,,,,,56,,,,,,,,,,,,,,,,,,,,1200,,13,,,,3,,
,,,,,,,,,1.0,,4.5,,,,,,56,,,,,,,,,,,,,,,,,,,,1200,,13,,,,3,,
,,,,,,,,,12.0,,65.6,,,,,,53,,,,,,,,,,,,,,,,,,,,1200,,13,,,,3,,
,,,,,,,,,5.0,,7.2,,,,,,51,,,,,,,,,,,,,,,,,,,,1200,,13,,,,3,,
,,,,,,,,,9.0,,25.5,,,,,,51,,,,,,,,,,,,,,,,,,,,1200,,13,,,,3,,
,,,,,,,,,2.0,,4.7,,,,,,56,,,,,,,,,,,,,,,,,,,,1200,,13,,,,3,,
,,,,,,,,,11.0,,108.6,,,,,,56,,,,,,,,,,,,,,,,,,,,1600,,12,,,,5,,
,,,,,,,,,4.0,,15.9,,,,,,56,,,,,,,,,,,,,,,,,,,,1600,,12,,,,5,,
,,,,,,,,,6.0,,22.6,,,,,,54,,,,,,,,,,,,,,,,,,,,1600,,12,,,,4,,
,,,,,,,,,2.0,,3.4,,,,,,56,,,,,,,,,,,,,,,,,,,,1600,,12,,,,6,,
,,,,,,,,,5.0,,16.2,,,,,,54,,,,,,,,,,,,,,,,,,,,1600,,12,,,,5,,
,,,,,,,,,10.0,,81.0,,,,,,54,,,,,,,,,,,,,,,,,,,,1600,,12,,,,5,,
,,,,,,,,,1.0,,1.7,,,,,,56,,,,,,,,,,,,,,,,,,,,1600,,12,,,,4,,
,,,,,,,,,9.0,,48.7,,,,,,55,,,,,,,,,,,,,,,,,,,,1600,,12,,,,4,,
,,,,,,,,,12.0,,112.6,,,,,,56,,,,,,,,,,,,,,,,,,,,1600,,12,,,,7,,
,,,,,,,,,7.0,,23.1,,,,,,56,,,,,,,,,,,,,,,,,,,,1600,,12,,,,7,,
,,,,,,,,,8.0,,29.4,,,,,,56,,,,,,,,,,,,,,,,,,,,1600,,12,,,,4,,
,,,,,,,,,3.0,,14.2,,,,,,53,,,,,,,,,,,,,,,,,,,,1600,,12,,,,5,,
,,,,,,,,,2.0,,4.6,,,,,,56,,,,,,,,,,,,,,,,,,,,1200,,12,,,,5,,
,,,,,,,,,9.0,,152.1,,,,,,56,,,,,,,,,,,,,,,,,,,,1200,,12,,,,4,,
,,,,,,,,,1.0,,1.9,,,,,,53,,,,,,,,,,,,,,,,,,,,1200,,12,,,,6,,
,,,,,,,,,6.0,,22.7,,,,,,56,,,,,,,,,,,,,,,,,,,,1200,,12,,,,4,,
,,,,,,,,,8.0,,49.0,,,,,,54,,,,,,,,,,,,,,,,,,,,1200,,12,,,,4,,
,,,,,,,,,10.0,,172.5,,,,,,54,,,,,,,,,,,,,,,,,,,,1200,,12,,,,4,,
,,,,,,,,,12.0,,319.5,,,,,,53,,,,,,,,,,,,,,,,,,,,1200,,12,,,,4,,
,,,,,,,,,4.0,,7.3,,,,,,56,,,,,,,,,,,,,,,,,,,,1200,,12,,,,6,,
,,,,,,,,,5.0,,16.5,,,,,,56,,,,,,,,,,,,,,,,,,,,1200,,12,,,,7,,
,,,,,,,,,3.0,,5.2,,,,,,54,,,,,,,,,,,,,,,,,,,,1200,,12,,,,4,,
,,,,,,,,,11.0,,199.9,,,,,,56,,,,,,,,,,,,,,,,,,,,1200,,12,,,,4,,
,,,,,,,,,7.0,,33.3,,,,,,56,,,,,,,,,,,,,,,,,,,,1200,,12,,,,4,,
,,,,,,,,,10.0,,54.8,,,,,,56,,,,,,,,,,,,,,,,,,,,1600,,12,,,,5,,
,,,,,,,,,5.0,,12.2,,,,,,56,,,,,,,,,,,,,,,,,,,,1600,,12,,,,4,,
,,,,,,,,,1.0,,2.1,,,,,,56,,,,,,,,,,,,,,,,,,,,1600,,12,,,,4,,
,,,,,,,,,2.0,,4.3,,,,,,54,,,,,,,,,,,,,,,,,,,,1600,,12,,,,4,,
,,,,,,,,,11.0,,67.8,,,,,,54,,,,,,,,,,,,,,,,,,,,1600,,12,,,,4,,
,,,,,,,,,6.0,,16.2,,,,,,56,,,,,,,,,,,,,,,,,,,,1600,,12,,,,5,,
,,,,,,,,,12.0,,106.0,,,,,,53,,,,,,,,,,,,,,,,,,,,1600,,12,,,,4,,
,,,,,,,,,3.0,,8.2,,,,,,55,,,,,,,,,,,,,,,,,,,,1600,,12,,,,6,,
,,,,,,,,,4.0,,8.6,,,,,,56,,,,,,,,,,,,,,,,,,,,1600,,12,,,,4,,
,,,,,,,,,7.0,,16.3,,,,,,51,,,,,,,,,,,,,,,,,,,,1600,,12,,,,5,,
,,,,,,,,,8.0,,35.0,,,,,,56,,,,,,,,,,,,,,,,,,,,1600,,12,,,,5,,
,,,,,,,,,9.0,,36.2,,,,,,56,,,,,,,,,,,,,,,,,,,,1600,,12,,,,5,,
,,,,,,,,,13.0,,63.4,,,,,,53,,,,,,,,,,,,,,,,,,,,1200,,16,,,,5,,
,,,,,,,,,16.0,,80.3,,,,,,56,,,,,,,,,,,,,,,,,,,,1200,,16,,,,6,,
,,,,,,,,,8.0,,17.0,,,,,,54,,,,,,,,,,,,,,,,,,,,1200,,16,,,,5,,
,,,,,,,,,12.0,,55.1,,,,,,56,,,,,,,,,,,,,,,,,,,,1200,,16,,,,6,,
,,,,,,,,,7.0,,16.6,,,,,,53,,,,,,,,,,,,,,,,,,,,1200,,16,,,,5,,
,,,,,,,,,14.0,,68.0,,,,,,54,,,,,,,,,,,,,,,,,,,,1200,,16,,,,5,,
,,,,,,,,,10.0,,18.9,,,,,,54,,,,,,,,,,,,,,,,,,,,1200,,16,,,,5,,
,,,,,,,,,15.0,,76.8,,,,,,56,,,,,,,,,,,,,,,,,,,,1200,,16,,,,5,,
,,,,,,,,,11.0,,21.8,,,,,,56,,,,,,,,,,,,,,,,,,,,1200,,16,,,,4,,
,,,,,,,,,9.0,,17.7,,,,,,56,,,,,,,,,,,,,,,,,,,,1200,,16,,,,4,,
,,,,,,,,,6.0,,15.1,,,,,,54,,,,,,,,,,,,,,,,,,,,1200,,16,,,,4,,
,,,,,,,,,1.0,,2.3,,,,,,54,,,,,,,,,,,,,,,,,,,,1200,,16,,,,4,,
,,,,,,,,,3.0,,8.6,,,,,,56,,,,,,,,,,,,,,,,,,,,1200,,16,,,,4,,
,,,,,,,,,2.0,,8.5,,,,,,56,,,,,,,,,,,,,,,,,,,,1200,,16,,,,4,,
,,,,,,,,,4.0,,10.5,,,,,,54,,,,,,,,,,,,,,,,,,,,1200,,16,,,,5,,
,,,,,,,,,5.0,,14.0,,,,,,51,,,,,,,,,,,,,,,,,,,,1200,,16,,,,4,,
,,,,,,,,,10.0,,42.1,,,,,,54,,,,,,,,,,,,,,,,,,,,1400,,15,,,,8,,
,,,,,,,,,1.0,,5.2,,,,,,56,,,,,,,,,,,,,,,,,,,,1400,,15,,,,5,,
,,,,,,,,,13.0,,150.4,,,,,,55,,,,,,,,,,,,,,,,,,,,1400,,15,,,,4,,
,,,,,,,,,7.0,,9.0,,,,,,56,,,,,,,,,,,,,,,,,,,,1400,,15,,,,7,,
,,,,,,,,,3.0,,5.9,,,,,,56,,,,,,,,,,,,,,,,,,,,1400,,15,,,,4,,
,,,,,,,,,12.0,,95.6,,,,,,56,,,,,,,,,,,,,,,,,,,,1400,,15,,,,6,,
,,,,,,,,,9.0,,23.5,,,,,,53,,,,,,,,,,,,,,,,,,,,1400,,15,,,,5,,
,,,,,,,,,11.0,,69.7,,,,,,56,,,,,,,,,,,,,,,,,,,,1400,,15,,,,5,,
,,,,,,,,,8.0,,17.3,,,,,,54,,,,,,,,,,,,,,,,,,,,1400,,15,,,,5,,
,,,,,,,,,5.0,,6.5,,,,,,56,,,,,,,,,,,,,,,,,,,,1400,,15,,,,6,,
,,,,,,,,,15.0,,164.4,,,,,,56,,,,,,,,,,,,,,,,,,,,1400,,15,,,,4,,
,,,,,,,,,14.0,,161.6,,,,,,56,,,,,,,,,,,,,,,,,,,,1400,,15,,,,4,,
,,,,,,,,,4.0,,6.3,,,,,,56,,,,,,,,,,,,,,,,,,,,1400,,15,,,,6,,
,,,,,,,,,2.0,,5.8,,,,,,56,,,,,,,,,,,,,,,,,,,,1400,,15,,,,5,,
,,,,,,,,,6.0,,7.9,,,,,,56,,,,,,,,,,,,,,,,,,,,1400,,15,,,,4,,
,,,,,,,,,9.0,,20.8,,,,,,57,,,,,,,,,,,,,,,,,,,,1200,,15,,,,6,,
,,,,,,,,,4.0,,16.6,,,,,,57,,,,,,,,,,,,,,,,,,,,1200,,15,,,,6,,
,,,,,,,,,12.0,,25.4,,,,,,57,,,,,,,,,,,,,,,,,,,,1200,,15,,,,5,,
,,,,,,,,,6.0,,17.1,,,,,,55,,,,,,,,,,,,,,,,,,,,1200,,15,,,,5,,
,,,,,,,,,7.0,,17.3,,,,,,55,,,,,,,,,,,,,,,,,,,,1200,,15,,,,6,,
,,,,,,,,,15.0,,52.4,,,,,,57,,,,,,,,,,,,,,,,,,,,1200,,15,,,,9,,
,,,,,,,,,13.0,,26.1,,,,,,57,,,,,,,,,,,,,,,,,,,,1200,,15,,,,4,,
,,,,,,,,,8.0,,18.1,,,,,,57,,,,,,,,,,,,,,,,,,,,1200,,15,,,,4,,
,,,,,,,,,2.0,,3.9,,,,,,57,,,,,,,,,,,,,,,,,,,,1200,,15,,,,5,,
,,,,,,,,,5.0,,16.6,,,,,,57,,,,,,,,,,,,,,,,,,,,1200,,15,,,,4,,
,,,,,,,,,10.0,,22.7,,,,,,57,,,,,,,,,,,,,,,,,,,,1200,,15,,,,5,,
,,,,,,,,,11.0,,22.8,,,,,,55,,,,,,,,,,,,,,,,,,,,1200,,15,,,,5,,
,,,,,,,,,1.0,,3.3,,,,,,55,,,,,,,,,,,,,,,,,,,,1200,,15,,,,5,,
,,,,,,,,,14.0,,37.2,,,,,,57,,,,,,,,,,,,,,,,,,,,1200,,15,,,,8,,
,,,,,,,,,3.0,,7.0,,,,,,55,,,,,,,,,,,,,,,,,,,,1200,,15,,,,4,,
,,,,,,,,,4.0,,15.9,,,,,,55,,,,,,,,,,,,,,,,,,,,1650,,14,,,,4,,
,,,,,,,,,6.0,,40.3,,,,,,55,,,,,,,,,,,,,,,,,,,,1650,,14,,,,7,,
,,,,,,,,,10.0,,115.4,,,,,,57,,,,,,,,,,,,,,,,,,,,1650,,14,,,,4,,
,,,,,,,,,9.0,,109.9,,,,,,57,,,,,,,,,,,,,,,,,,,,1650,,14,,,,4,,
,,,,,,,,,3.0,,14.6,,,,,,57,,,,,,,,,,,,,,,,,,,,1650,,14,,,,5,,
,,,,,,,,,5.0,,24.9,,,,,,57,,,,,,,,,,,,,,,,,,,,1650,,14,,,,5,,
,,,,,,,,,1.0,,1.1,,,,,,57,,,,,,,,,,,,,,,,,,,,1650,,14,,,,4,,
,,,,,,,,,12.0,,202.2,,,,,,53,,,,,,,,,,,,,,,,,,,,1650,,14,,,,4,,
,,,,,,,,,7.0,,63.7,,,,,,57,,,,,,,,,,,,,,,,,,,,1650,,14,,,,4,,
,,,,,,,,,13.0,,256.7,,,,,,53,,,,,,,,,,,,,,,,,,,,1650,,14,,,,6,,
,,,,,,,,,11.0,,138.0,,,,,,55,,,,,,,,,,,,,,,,,,,,1650,,14,,,,7,,
,,,,,,,,,14.0,,314.4,,,,,,53,,,,,,,,,,,,,,,,,,,,1650,,14,,,,8,,
,,,,,,,,,2.0,,10.8,,,,,,57,,,,,,,,,,,,,,,,,,,,1650,,14,,,,5,,
,,,,,,,,,8.0,,65.6,,,,,,57,,,,,,,,,,,,,,,,,,,,1650,,14,,,,6,,
,,,,,,,,,8.0,,22.9,,,,,,55,,,,,,,,,,,,,,,,,,,,920,,12,,,,4,,
,,,,,,,,,4.0,,11.7,,,,,,55,,,,,,,,,,,,,,,,,,,,920,,12,,,,4,,
,,,,,,,,,7.0,,22.0,,,,,,57,,,,,,,,,,,,,,,,,,,,920,,12,,,,5,,
,,,,,,,,,12.0,,232.9,,,,,,55,,,,,,,,,,,,,,,,,,,,920,,12,,,,5,,
,,,,,,,,,2.0,,3.6,,,,,,55,,,,,,,,,,,,,,,,,,,,920,,12,,,,4,,
,,,,,,,,,11.0,,68.1,,,,,,53,,,,,,,,,,,,,,,,,,,,920,,12,,,,7,,
,,,,,,,,,1.0,,2.4,,,,,,55,,,,,,,,,,,,,,,,,,,,920,,12,,,,4,,
,,,,,,,,,3.0,,5.6,,,,,,55,,,,,,,,,,,,,,,,,,,,920,,12,,,,5,,
,,,,,,,,,6.0,,21.4,,,,,,57,,,,,,,,,,,,,,,,,,,,920,,12,,,,4,,
,,,,,,,,,5.0,,14.9,,,,,,57,,,,,,,,,,,,,,,,,,,,920,,12,,,,4,,
,,,,,,,,,10.0,,32.6,,,,,,55,,,,,,,,,,,,,,,,,,,,920,,12,,,,4,,
,,,,,,,,,9.0,,24.1,,,,,,55,,,,,,,,,,,,,,,,,,,,920,,12,,,,5,,
,,,,,,,,,12.0,,90.3,,,,,,57,,,,,,,,,,,,,,,,,,,,1500,,12,,,,3,,
,,,,,,,,,9.0,,54.6,,,,,,57,,,,,,,,,,,,,,,,,,,,1500,,12,,,,3,,
,,,,,,,,,2.0,,2.9,,,,,,55,,,,,,,,,,,,,,,,,,,,1500,,12,,,,3,,
,,,,,,,,,4.0,,29.4,,,,,,53,,,,,,,,,,,,,,,,,,,,1500,,12,,,,3,,
,,,,,,,,,1.0,,1.8,,,,,,55,,,,,,,,,,,,,,,,,,,,1500,,12,,,,3,,
,,,,,,,,,7.0,,48.1,,,,,,55,,,,,,,,,,,,,,,,,,,,1500,,12,,,,3,,
,,,,,,,,,11.0,,72.9,,,,,,57,,,,,,,,,,,,,,,,,,,,1500,,12,,,,3,,
,,,,,,,,,6.0,,36.6,,,,,,55,,,,,,,,,,,,,,,,,,,,1500,,12,,,,3,,
,,,,,,,,,3.0,,6.7,,,,,,55,,,,,,,,,,,,,,,,,,,,1500,,12,,,,3,,
,,,,,,,,,10.0,,67.4,,,,,,57,,,,,,,,,,,,,,,,,,,,1500,,12,,,,3,,
,,,,,,,,,5.0,,31.5,,,,,,55,,,,,,,,,,,,,,,,,,,,1500,,12,,,,3,,
,,,,,,,,,8.0,,49.8,,,,,,51,,,,,,,,,,,,,,,,,,,,1500,,12,,,,3,,
,,,,,,,,,5.0,,10.3,,,,,,57,,,,,,,,,,,,,,,,,,,,1400,,12,,,,4,,
,,,,,,,,,11.0,,21.8,,,,,,55,,,,,,,,,,,,,,,,,,,,1400,,12,,,,4,,
,,,,,,,,,2.0,,4.0,,,,,,53,,,,,,,,,,,,,,,,,,,,1400,,12,,,,4,,
,,,,,,,,,10.0,,19.1,,,,,,57,,,,,,,,,,,,,,,,,,,,1400,,12,,,,6,,
,,,,,,,,,9.0,,18.1,,,,,,55,,,,,,,,,,,,,,,,,,,,1400,,12,,,,4,,
,,,,,,,,,12.0,,59.2,,,,,,54,,,,,,,,,,,,,,,,,,,,1400,,12,,,,4,,
,,,,,,,,,7.0,,11.9,,,,,,55,,,,,,,,,,,,,,,,,,,,1400,,12,,,,4,,
,,,,,,,,,8.0,,17.1,,,,,,57,,,,,,,,,,,,,,,,,,,,1400,,12,,,,4,,
,,,,,,,,,3.0,,8.1,,,,,,57,,,,,,,,,,,,,,,,,,,,1400,,12,,,,5,,
,,,,,,,,,4.0,,9.7,,,,,,55,,,,,,,,,,,,,,,,,,,,1400,,12,,,,5,,
,,,,,,,,,1.0,,3.6,,,,,,57,,,,,,,,,,,,,,,,,,,,1400,,12,,,,4,,
,,,,,,,,,6.0,,11.5,,,,,,54,,,,,,,,,,,,,,,,,,,,1400,,12,,,,5,,
,,,,,,,,,6.0,,12.3,,,,,,57,,,,,,,,,,,,,,,,,,,,1400,,12,,,,4,,
,,,,,,,,,5.0,,7.9,,,,,,53,,,,,,,,,,,,,,,,,,,,1400,,12,,,,4,,
,,,,,,,,,4.0,,7.7,,,,,,57,,,,,,,,,,,,,,,,,,,,1400,,12,,,,4,,
,,,,,,,,,1.0,,3.2,,,,,,53,,,,,,,,,,,,,,,,,,,,1400,,12,,,,4,,
,,,,,,,,,11.0,,39.0,,,,,,54,,,,,,,,,,,,,,,,,,,,1400,,12,,,,4,,
,,,,,,,,,8.0,,18.7,,,,,,55,,,,,,,,,,,,,,,,,,,,1400,,12,,,,6,,
,,,,,,,,,3.0,,6.4,,,,,,55,,,,,,,,,,,,,,,,,,,,1400,,12,,,,4,,
,,,,,,,,,7.0,,15.0,,,,,,57,,,,,,,,,,,,,,,,,,,,1400,,12,,,,4,,
,,,,,,,,,12.0,,44.0,,,,,,55,,,,,,,,,,,,,,,,,,,,1400,,12,,,,4,,
,,,,,,,,,10.0,,29.7,,,,,,57,,,,,,,,,,,,,,,,,,,,1400,,12,,,,5,,
,,,,,,,,,9.0,,23.5,,,,,,53,,,,,,,,,,,,,,,,,,,,1400,,12,,,,4,,
,,,,,,,,,2.0,,5.0,,,,,,55,,,,,,,,,,,,,,,,,,,,1400,,12,,,,5,,
,,,,,,,,,2.0,,3.7,,,,,,57,,,,,,,,,,,,,,,,,,,,1500,,12,,,,4,,
,,,,,,,,,11.0,,51.1,,,,,,57,,,,,,,,,,,,,,,,,,,,1500,,12,,,,4,,
,,,,,,,,,12.0,,86.0,,,,,,54,,,,,,,,,,,,,,,,,,,,1500,,12,,,,5,,
,,,,,,,,,,,,,,,,,55,,,,,,,,,,,,,,,,,,,,1500,,12,,,,4,,
,,,,,,,,,9.0,,20.1,,,,,,57,,,,,,,,,,,,,,,,,,,,1500,,12,,,,5,,
,,,,,,,,,5.0,,12.6,,,,,,57,,,,,,,,,,,,,,,,,,,,1500,,12,,,,4,,
,,,,,,,,,8.0,,20.0,,,,,,55,,,,,,,,,,,,,,,,,,,,1500,,12,,,,4,,
,,,,,,,,,6.0,,13.5,,,,,,55,,,,,,,,,,,,,,,,,,,,1500,,12,,,,5,,
,,,,,,,,,7.0,,17.6,,,,,,57,,,,,,,,,,,,,,,,,,,,1500,,12,,,,4,,
,,,,,,,,,4.0,,10.3,,,,,,57,,,,,,,,,,,,,,,,,,,,1500,,12,,,,5,,
,,,,,,,,,1.0,,2.9,,,,,,53,,,,,,,,,,,,,,,,,,,,1500,,12,,,,6,,
,,,,,,,,,3.0,,5.2,,,,,,55,,,,,,,,,,,,,,,,,,,,1500,,12,,,,4,,
,,,,,,,,,2.0,,4.4,,,,,,57,,,,,,,,,,,,,,,,,,,,1500,,12,,,,3,,
,,,,,,,,,11.0,,89.2,,,,,,57,,,,,,,,,,,,,,,,,,,,1500,,12,,,,3,,
,,,,,,,,,5.0,,14.7,,,,,,57,,,,,,,,,,,,,,,,,,,,1500,,12,,,,3,,
,,,,,,,,,3.0,,4.7,,,,,,53,,,,,,,,,,,,,,,,,,,,1500,,12,,,,3,,
,,,,,,,,,4.0,,9.6,,,,,,57,,,,,,,,,,,,,,,,,,,,1500,,12,,,,3,,
,,,,,,,,,6.0,,15.5,,,,,,55,,,,,,,,,,,,,,,,,,,,1500,,12,,,,3,,
,,,,,,,,,12.0,,108.5,,,,,,55,,,,,,,,,,,,,,,,,,,,1500,,12,,,,3,,
,,,,,,,,,10.0,,54.9,,,,,,53,,,,,,,,,,,,,,,,,,,,1500,,12,,,,3,,
,,,,,,,,,1.0,,2.2,,,,,,57,,,,,,,,,,,,,,,,,,,,1500,,12,,,,3,,
,,,,,,,,,9.0,,48.6,,,,,,57,,,,,,,,,,,,,,,,,,,,1500,,12,,,,3,,
,,,,,,,,,8.0,,40.4,,,,,,57,,,,,,,,,,,,,,,,,,,,1500,,12,,,,3,,
,,,,,,,,,7.0,,21.9,,,,,,55,,,,,,,,,,,,,,,,,,,,1500,,12,,,,3,,
,,,,,,,,,2.0,,4.9,,,,,,57,,,,,,,,,,,,,,,,,,,,1700,,12,,,,4,,
,,,,,,,,,11.0,,167.5,,,,,,55,,,,,,,,,,,,,,,,,,,,1700,,12,,,,6,,
,,,,,,,,,12.0,,181.9,,,,,,57,,,,,,,,,,,,,,,,,,,,1700,,12,,,,6,,
,,,,,,,,,7.0,,13.0,,,,,,57,,,,,,,,,,,,,,,,,,,,1700,,12,,,,5,,
,,,,,,,,,3.0,,6.2,,,,,,57,,,,,,,,,,,,,,,,,,,,1700,,12,,,,4,,
,,,,,,,,,4.0,,9.4,,,,,,57,,,,,,,,,,,,,,,,,,,,1700,,12,,,,7,,
,,,,,,,,,1.0,,2.7,,,,,,57,,,,,,,,,,,,,,,,,,,,1700,,12,,,,5,,
,,,,,,,,,5.0,,9.5,,,,,,55,,,,,,,,,,,,,,,,,,,,1700,,12,,,,4,,
,,,,,,,,,10.0,,79.9,,,,,,57,,,,,,,,,,,,,,,,,,,,1700,,12,,,,5,,
,,,,,,,,,9.0,,17.5,,,,,,57,,,,,,,,,,,,,,,,,,,,1700,,12,,,,4,,
,,,,,,,,,8.0,,16.0,,,,,,57,,,,,,,,,,,,,,,,,,,,1700,,12,,,,6,,
,,,,,,,,,6.0,,12.4,,,,,,55,,,,,,,,,,,,,,,,,,,,1700,,12,,,,5,,
,,,,,,,,,4.0,,8.4,,,,,,57,,,,,,,,,,,,,,,,,,,,1500,,12,,,,5,,
,,,,,,,,,3.0,,8.0,,,,,,57,,,,,,,,,,,,,,,,,,,,1500,,12,,,,4,,
,,,,,,,,,11.0,,68.3,,,,,,53,,,,,,,,,,,,,,,,,,,,1500,,12,,,,5,,
,,,,,,,,,1.0,,2.2,,,,,,57,,,,,,,,,,,,,,,,,,,,1500,,12,,,,6,,
,,,,,,,,,8.0,,28.4,,,,,,55,,,,,,,,,,,,,,,,,,,,1500,,12,,,,5,,
,,,,,,,,,12.0,,241.7,,,,,,57,,,,,,,,,,,,,,,,,,,,1500,,12,,,,8,,
,,,,,,,,,2.0,,3.7,,,,,,55,,,,,,,,,,,,,,,,,,,,1500,,12,,,,6,,
,,,,,,,,,7.0,,25.1,,,,,,56,,,,,,,,,,,,,,,,,,,,1500,,12,,,,11,,
,,,,,,,,,5.0,,13.5,,,,,,57,,,,,,,,,,,,,,,,,,,,1500,,12,,,,7,,
,,,,,,,,,6.0,,16.9,,,,,,55,,,,,,,,,,,,,,,,,,,,1500,,12,,,,4,,
,,,,,,,,,10.0,,66.0,,,,,,57,,,,,,,,,,,,,,,,,,,,1500,,12,,,,5,,
,,,,,,,,,9.0,,30.4,,,,,,55,,,,,,,,,,,,,,,,,,,,1500,,12,,,,5,,
,,,,,,,,,11.0,,58.4,,,,,,57,,,,,,,,,,,,,,,,,,,,1500,,12,,,,7,,
,,,,,,,,,6.0,,13.5,,,,,,55,,,,,,,,,,,,,,,,,,,,1500,,12,,,,4,,
,,,,,,,,,10.0,,32.8,,,,,,55,,,,,,,,,,,,,,,,,,,,1500,,12,,,,6,,
,,,,,,,,,1.0,,3.3,,,,,,55,,,,,,,,,,,,,,,,,,,,1500,,12,,,,4,,
,,,,,,,,,,,,,,,,,57,,,,,,,,,,,,,,,,,,,,1500,,12,,,,8,,
,,,,,,,,,5.0,,12.5,,,,,,53,,,,,,,,,,,,,,,,,,,,1500,,12,,,,4,,
,,,,,,,,,4.0,,8.8,,,,,,57,,,,,,,,,,,,,,,,,,,,1500,,12,,,,6,,
,,,,,,,,,7.0,,13.5,,,,,,51,,,,,,,,,,,,,,,,,,,,1500,,12,,,,6,,
,,,,,,,,,2.0,,3.6,,,,,,57,,,,,,,,,,,,,,,,,,,,1500,,12,,,,4,,
,,,,,,,,,12.0,,78.9,,,,,,57,,,,,,,,,,,,,,,,,,,,1500,,12,,,,6,,
,,,,,,,,,9.0,,24.5,,,,,,57,,,,,,,,,,,,,,,,,,,,1500,,12,,,,4,,
,,,,,,,,,3.0,,4.5,,,,,,53,,,,,,,,,,,,,,,,,,,,1500,,12,,,,4,,
,,,,,,,,,7.0,,12.5,,,,,,55,,,,,,,,,,,,,,,,,,,,1500,,12,,,,3,,
,,,,,,,,,2.0,,5.6,,,,,,52,,,,,,,,,,,,,,,,,,,,1500,,12,,,,3,,
,,,,,,,,,4.0,,6.9,,,,,,52,,,,,,,,,,,,,,,,,,,,1500,,12,,,,3,,
,,,,,,,,,12.0,,79.9,,,,,,57,,,,,,,,,,,,,,,,,,,,1500,,12,,,,3,,
,,,,,,,,,8.0,,15.5,,,,,,57,,,,,,,,,,,,,,,,,,,,1500,,12,,,,3,,
,,,,,,,,,10.0,,56.9,,,,,,57,,,,,,,,,,,,,,,,,,,,1500,,12,,,,3,,
,,,,,,,,,3.0,,6.7,,,,,,55,,,,,,,,,,,,,,,,,,,,1500,,12,,,,3,,
,,,,,,,,,11.0,,70.4,,,,,,57,,,,,,,,,,,,,,,,,,,,1500,,12,,,,3,,
,,,,,,,,,6.0,,11.6,,,,,,55,,,,,,,,,,,,,,,,,,,,1500,,12,,,,3,,
,,,,,,,,,1.0,,2.8,,,,,,55,,,,,,,,,,,,,,,,,,,,1500,,12,,,,3,,
,,,,,,,,,9.0,,18.9,,,,,,57,,,,,,,,,,,,,,,,,,,,1500,,12,,,,3,,
,,,,,,,,,5.0,,10.4,,,,,,57,,,,,,,,,,,,,,,,,,,,1500,,12,,,,3,,
,,,,,,,,,9.0,,23.6,,,,,,57,,,,,,,,,,,,,,,,,,,,1500,,12,,,,5,,
,,,,,,,,,12.0,,60.4,,,,,,57,,,,,,,,,,,,,,,,,,,,1500,,12,,,,8,,
,,,,,,,,,3.0,,6.5,,,,,,55,,,,,,,,,,,,,,,,,,,,1500,,12,,,,4,,
,,,,,,,,,7.0,,18.1,,,,,,55,,,,,,,,,,,,,,,,,,,,1500,,12,,,,6,,
,,,,,,,,,1.0,,3.4,,,,,,57,,,,,,,,,,,,,,,,,,,,1500,,12,,,,4,,
,,,,,,,,,5.0,,12.1,,,,,,57,,,,,,,,,,,,,,,,,,,,1500,,12,,,,6,,
,,,,,,,,,6.0,,14.2,,,,,,55,,,,,,,,,,,,,,,,,,,,1500,,12,,,,5,,
,,,,,,,,,4.0,,6.6,,,,,,55,,,,,,,,,,,,,,,,,,,,1500,,12,,,,5,,
,,,,,,,,,10.0,,24.3,,,,,,57,,,,,,,,,,,,,,,,,,,,1500,,12,,,,9,,
,,,,,,,,,8.0,,22.1,,,,,,57,,,,,,,,,,,,,,,,,,,,1500,,12,,,,4,,
,,,,,,,,,2.0,,3.6,,,,,,55,,,,,,,,,,,,,,,,,,,,1500,,12,,,,4,,
,,,,,,,,,11.0,,54.2,,,,,,57,,,,,,,,,,,,,,,,,,,,1500,,12,,,,8,,
,,,,,,,,,9.0,,13.4,,,,,,57,,,,,,,,,,,,,,,,,,,,1700,,12,,,,7,,
,,,,,,,,,12.0,,223.6,,,,,,57,,,,,,,,,,,,,,,,,,,,1700,,12,,,,9,,
,,,,,,,,,11.0,,204.0,,,,,,55,,,,,,,,,,,,,,,,,,,,1700,,12,,,,5,,
,,,,,,,,,1.0,,4.0,,,,,,57,,,,,,,,,,,,,,,,,,,,1700,,12,,,,4,,
,,,,,,,,,8.0,,12.4,,,,,,57,,,,,,,,,,,,,,,,,,,,1700,,12,,,,5,,
,,,,,,,,,2.0,,4.5,,,,,,55,,,,,,,,,,,,,,,,,,,,1700,,12,,,,4,,
,,,,,,,,,7.0,,11.6,,,,,,57,,,,,,,,,,,,,,,,,,,,1700,,12,,,,5,,
,,,,,,,,,5.0,,9.7,,,,,,57,,,,,,,,,,,,,,,,,,,,1700,,12,,,,5,,
,,,,,,,,,4.0,,9.4,,,,,,57,,,,,,,,,,,,,,,,,,,,1700,,12,,,,8,,
,,,,,,,,,3.0,,5.6,,,,,,53,,,,,,,,,,,,,,,,,,,,1700,,12,,,,5,,
,,,,,,,,,6.0,,11.0,,,,,,57,,,,,,,,,,,,,,,,,,,,1700,,12,,,,7,,
,,,,,,,,,10.0,,21.9,,,,,,57,,,,,,,,,,,,,,,,,,,,1700,,12,,,,8,,
,,,,,,,,,1.0,,4.2,,,,,,56,,,,,,,,,,,,,,,,,,,,1400,,12,,,,4,,
,,,,,,,,,7.0,,12.6,,,,,,57,,,,,,,,,,,,,,,,,,,,1400,,12,,,,8,,
,,,,,,,,,10.0,,27.7,,,,,,51,,,,,,,,,,,,,,,,,,,,1400,,12,,,,4,,
,,,,,,,,,8.0,,15.9,,,,,,54,,,,,,,,,,,,,,,,,,,,1400,,12,,,,4,,
,,,,,,,,,2.0,,4.2,,,,,,55,,,,,,,,,,,,,,,,,,,,1400,,12,,,,7,,
,,,,,,,,,3.0,,5.7,,,,,,55,,,,,,,,,,,,,,,,,,,,1400,,12,,,,4,,
,,,,,,,,,6.0,,11.8,,,,,,55,,,,,,,,,,,,,,,,,,,,1400,,12,,,,5,,
,,,,,,,,,9.0,,16.8,,,,,,55,,,,,,,,,,,,,,,,,,,,1400,,12,,,,8,,
,,,,,,,,,5.0,,9.7,,,,,,52,,,,,,,,,,,,,,,,,,,,1400,,12,,,,8,,
,,,,,,,,,12.0,,105.0,,,,,,54,,,,,,,,,,,,,,,,,,,,1400,,12,,,,10,,
,,,,,,,,,4.0,,7.6,,,,,,55,,,,,,,,,,,,,,,,,,,,1400,,12,,,,7,,
,,,,,,,,,11.0,,34.0,,,,,,55,,,,,,,,,,,,,,,,,,,,1400,,12,,,,6,,
,,,,,,,,,9.0,,59.7,,,,,,57,,,,,,,,,,,,,,,,,,,,1400,,12,,,,5,,
,,,,,,,,,6.0,,13.7,,,,,,56,,,,,,,,,,,,,,,,,,,,1400,,12,,,,6,,
,,,,,,,,,12.0,,127.4,,,,,,54,,,,,,,,,,,,,,,,,,,,1400,,12,,,,4,,
,,,,,,,,,10.0,,103.7,,,,,,57,,,,,,,,,,,,,,,,,,,,1400,,12,,,,5,,
,,,,,,,,,5.0,,13.4,,,,,,58,,,,,,,,,,,,,,,,,,,,1400,,12,,,,4,,
,,,,,,,,,11.0,,107.5,,,,,,55,,,,,,,,,,,,,,,,,,,,1400,,12,,,,4,,
,,,,,,,,,4.0,,11.9,,,,,,55,,,,,,,,,,,,,,,,,,,,1400,,12,,,,7,,
,,,,,,,,,7.0,,16.0,,,,,,55,,,,,,,,,,,,,,,,,,,,1400,,12,,,,8,,
,,,,,,,,,8.0,,28.5,,,,,,52,,,,,,,,,,,,,,,,,,,,1400,,12,,,,5,,
,,,,,,,,,1.0,,2.7,,,,,,57,,,,,,,,,,,,,,,,,,,,1400,,12,,,,4,,
,,,,,,,,,2.0,,2.8,,,,,,55,,,,,,,,,,,,,,,,,,,,1400,,12,,,,5,,
,,,,,,,,,3.0,,6.7,,,,,,55,,,,,,,,,,,,,,,,,,,,1400,,12,,,,5,,
,,,,,,,,,7.0,,65.3,,,,,,55,,,,,,,,,,,,,,,,,,,,1400,,11,,,,4,,
,,,,,,,,,10.0,,114.3,,,,,,57,,,,,,,,,,,,,,,,,,,,1400,,11,,,,4,,
,,,,,,,,,8.0,,70.9,,,,,,54,,,,,,,,,,,,,,,,,,,,1400,,11,,,,4,,
,,,,,,,,,11.0,,215.0,,,,,,56,,,,,,,,,,,,,,,,,,,,1400,,11,,,,7,,
,,,,,,,,,3.0,,13.0,,,,,,52,,,,,,,,,,,,,,,,,,,,1400,,11,,,,4,,
,,,,,,,,,6.0,,61.4,,,,,,55,,,,,,,,,,,,,,,,,,,,1400,,11,,,,8,,
,,,,,,,,,2.0,,6.4,,,,,,55,,,,,,,,,,,,,,,,,,,,1400,,11,,,,4,,
,,,,,,,,,4.0,,14.2,,,,,,57,,,,,,,,,,,,,,,,,,,,1400,,11,,,,4,,
,,,,,,,,,5.0,,40.5,,,,,,55,,,,,,,,,,,,,,,,,,,,1400,,11,,,,8,,
,,,,,,,,,1.0,,1.2,,,,,,57,,,,,,,,,,,,,,,,,,,,1400,,11,,,,5,,
,,,,,,,,,9.0,,103.2,,,,,,55,,,,,,,,,,,,,,,,,,,,1400,,11,,,,5,,
,,,,,,,,,10.0,,44.5,,,,,,57,,,,,,,,,,,,,,,,,,,,1400,,11,,,,9,,
,,,,,,,,,6.0,,9.3,,,,,,54,,,,,,,,,,,,,,,,,,,,1400,,11,,,,6,,
,,,,,,,,,2.0,,4.0,,,,,,57,,,,,,,,,,,,,,,,,,,,1400,,11,,,,5,,
,,,,,,,,,4.0,,7.5,,,,,,57,,,,,,,,,,,,,,,,,,,,1400,,11,,,,8,,
,,,,,,,,,5.0,,8.0,,,,,,57,,,,,,,,,,,,,,,,,,,,1400,,11,,,,4,,
,,,,,,,,,7.0,,26.3,,,,,,53,,,,,,,,,,,,,,,,,,,,1400,,11,,,,6,,
,,,,,,,,,9.0,,43.8,,,,,,57,,,,,,,,,,,,,,,,,,,,1400,,11,,,,8,,
,,,,,,,,,8.0,,35.9,,,,,,54,,,,,,,,,,,,,,,,,,,,1400,,11,,,,9,,
,,,,,,,,,3.0,,6.7,,,,,,54,,,,,,,,,,,,,,,,,,,,1400,,11,,,,5,,
,,,,,,,,,11.0,,71.2,,,,,,55,,,,,,,,,,,,,,,,,,,,1400,,11,,,,7,,
,,,,,,,,,1.0,,2.8,,,,,,55,,,,,,,,,,,,,,,,,,,,1400,,11,,,,4,,
,,,,,,,,,10.0,,49.4,,,,,,54,,,,,,,,,,,,,,,,,,,,1230,,12,,,,7,,
,,,,,,,,,4.0,,8.0,,,,,,55,,,,,,,,,,,,,,,,,,,,1230,,12,,,,4,,
,,,,,,,,,6.0,,10.6,,,,,,57,,,,,,,,,,,,,,,,,,,,1230,,12,,,,7,,
,,,,,,,,,2.0,,4.3,,,,,,55,,,,,,,,,,,,,,,,,,,,1230,,12,,,,8,,
,,,,,,,,,9.0,,34.5,,,,,,55,,,,,,,,,,,,,,,,,,,,1230,,12,,,,6,,
,,,,,,,,,1.0,,3.1,,,,,,55,,,,,,,,,,,,,,,,,,,,1230,,12,,,,7,,
,,,,,,,,,12.0,,121.7,,,,,,56,,,,,,,,,,,,,,,,,,,,1230,,12,,,,4,,
,,,,,,,,,5.0,,8.7,,,,,,57,,,,,,,,,,,,,,,,,,,,1230,,12,,,,8,,
,,,,,,,,,3.0,,5.6,,,,,,57,,,,,,,,,,,,,,,,,,,,1230,,12,,,,7,,
,,,,,,,,,7.0,,13.2,,,,,,57,,,,,,,,,,,,,,,,,,,,1230,,12,,,,7,,
,,,,,,,,,8.0,,27.4,,,,,,52,,,,,,,,,,,,,,,,,,,,1230,,12,,,,4,,
,,,,,,,,,11.0,,61.7,,,,,,56,,,,,,,,,,,,,,,,,,,,1230,,12,,,,4,,
,,,,,,,,,10.0,,197.7,,,,,,56,,,,,,,,,,,,,,,,,,,,1400,,10,,,,3,,
,,,,,,,,,4.0,,9.6,,,,,,56,,,,,,,,,,,,,,,,,,,,1400,,10,,,,3,,
,,,,,,,,,3.0,,6.7,,,,,,53,,,,,,,,,,,,,,,,,,,,1400,,10,,,,3,,
,,,,,,,,,1.0,,1.4,,,,,,56,,,,,,,,,,,,,,,,,,,,1400,,10,,,,3,,
,,,,,,,,,7.0,,66.2,,,,,,56,,,,,,,,,,,,,,,,,,,,1400,,10,,,,3,,
,,,,,,,,,9.0,,98.4,,,,,,55,,,,,,,,,,,,,,,,,,,,1400,,10,,,,3,,
,,,,,,,,,5.0,,22.8,,,,,,56,,,,,,,,,,,,,,,,,,,,1400,,10,,,,3,,
,,,,,,,,,8.0,,69.7,,,,,,51,,,,,,,,,,,,,,,,,,,,1400,,10,,,,3,,
,,,,,,,,,2.0,,5.4,,,,,,55,,,,,,,,,,,,,,,,,,,,1400,,10,,,,3,,
,,,,,,,,,6.0,,30.9,,,,,,55,,,,,,,,,,,,,,,,,,,,1400,,10,,,,3,,
,,,,,,,,,4.0,,18.0,,,,,,57,,,,,,,,,,,,,,,,,,,,1400,,10,,,,4,,
,,,,,,,,,8.0,,41.4,,,,,,55,,,,,,,,,,,,,,,,,,,,1400,,10,,,,5,,
,,,,,,,,,9.0,,44.9,,,,,,56,,,,,,,,,,,,,,,,,,,,1400,,10,,,,7,,
,,,,,,,,,10.0,,101.6,,,,,,57,,,,,,,,,,,,,,,,,,,,1400,,10,,,,4,,
,,,,,,,,,5.0,,23.8,,,,,,57,,,,,,,,,,,,,,,,,,,,1400,,10,,,,5,,
,,,,,,,,,3.0,,15.2,,,,,,57,,,,,,,,,,,,,,,,,,,,1400,,10,,,,4,,
,,,,,,,,,6.0,,28.8,,,,,,57,,,,,,,,,,,,,,,,,,,,1400,,10,,,,4,,
,,,,,,,,,7.0,,38.0,,,,,,55,,,,,,,,,,,,,,,,,,,,1400,,10,,,,5,,
,,,,,,,,,2.0,,2.3,,,,,,57,,,,,,,,,,,,,,,,,,,,1400,,10,,,,4,,
,,,,,,,,,1.0,,1.9,,,,,,57,,,,,,,,,,,,,,,,,,,,1400,,10,,,,4,,
,,,,,,,,,10.0,,291.0,,,,,,56,,,,,,,,,,,,,,,,,,,,1400,,10,,,,7,,
,,,,,,,,,7.0,,32.2,,,,,,57,,,,,,,,,,,,,,,,,,,,1400,,10,,,,5,,
,,,,,,,,,1.0,,1.6,,,,,,58,,,,,,,,,,,,,,,,,,,,1400,,10,,,,4,,
,,,,,,,,,8.0,,53.1,,,,,,55,,,,,,,,,,,,,,,,,,,,1400,,10,,,,4,,
,,,,,,,,,9.0,,76.0,,,,,,57,,,,,,,,,,,,,,,,,,,,1400,,10,,,,6,,
,,,,,,,,,3.0,,7.4,,,,,,58,,,,,,,,,,,,,,,,,,,,1400,,10,,,,4,,
,,,,,,,,,6.0,,20.9,,,,,,57,,,,,,,,,,,,,,,,,,,,1400,,10,,,,5,,
,,,,,,,,,5.0,,14.3,,,,,,57,,,,,,,,,,,,,,,,,,,,1400,,10,,,,4,,
,,,,,,,,,2.0,,5.4,,,,,,56,,,,,,,,,,,,,,,,,,,,1400,,10,,,,5,,
,,,,,,,,,4.0,,7.6,,,,,,56,,,,,,,,,,,,,,,,,,,,1400,,10,,,,7,,
,,,,,,,,,10.0,,315.9,,,,,,56,,,,,,,,,,,,,,,,,,,,820,,10,,,,7,,
,,,,,,,,,7.0,,40.6,,,,,,54,,,,,,,,,,,,,,,,,,,,820,,10,,,,4,,
,,,,,,,,,9.0,,108.7,,,,,,58,,,,,,,,,,,,,,,,,,,,820,,10,,,,5,,
,,,,,,,,,3.0,,5.4,,,,,,56,,,,,,,,,,,,,,,,,,,,820,,10,,,,4,,
,,,,,,,,,2.0,,3.2,,,,,,56,,,,,,,,,,,,,,,,,,,,820,,10,,,,5,,
,,,,,,,,,5.0,,7.6,,,,,,51,,,,,,,,,,,,,,,,,,,,820,,10,,,,4,,
,,,,,,,,,1.0,,2.9,,,,,,58,,,,,,,,,,,,,,,,,,,,820,,10,,,,6,,
,,,,,,,,,6.0,,13.9,,,,,,58,,,,,,,,,,,,,,,,,,,,820,,10,,,,7,,
,,,,,,,,,8.0,,57.0,,,,,,56,,,,,,,,,,,,,,,,,,,,820,,10,,,,7,,
,,,,,,,,,4.0,,6.7,,,,,,55,,,,,,,,,,,,,,,,,,,,820,,10,,,,4,,
,,,,,,,,,3.0,,4.8,,,,,,55,,,,,,,,,,,,,,,,,,,,1400,,12,,,,5,,
,,,,,,,,,8.0,,77.4,,,,,,55,,,,,,,,,,,,,,,,,,,,1400,,12,,,,4,,
,,,,,,,,,11.0,,171.0,,,,,,57,,,,,,,,,,,,,,,,,,,,1400,,12,,,,5,,
,,,,,,,,,4.0,,6.7,,,,,,57,,,,,,,,,,,,,,,,,,,,1400,,12,,,,4,,
,,,,,,,,,5.0,,9.9,,,,,,55,,,,,,,,,,,,,,,,,,,,1400,,12,,,,5,,
,,,,,,,,,10.0,,145.8,,,,,,57,,,,,,,,,,,,,,,,,,,,1400,,12,,,,7,,
,,,,,,,,,7.0,,26.3,,,,,,55,,,,,,,,,,,,,,,,,,,,1400,,12,,,,5,,
,,,,,,,,,12.0,,261.7,,,,,,56,,,,,,,,,,,,,,,,,,,,1400,,12,,,,8,,
,,,,,,,,,9.0,,108.9,,,,,,57,,,,,,,,,,,,,,,,,,,,1400,,12,,,,5,,
,,,,,,,,,1.0,,2.8,,,,,,58,,,,,,,,,,,,,,,,,,,,1400,,12,,,,5,,
,,,,,,,,,2.0,,3.2,,,,,,57,,,,,,,,,,,,,,,,,,,,1400,,12,,,,5,,
,,,,,,,,,6.0,,23.5,,,,,,57,,,,,,,,,,,,,,,,,,,,1400,,12,,,,7,,
,,,,,,,,,7.0,,41.4,,,,,,55,,,,,,,,,,,,,,,,,,,,1700,,12,,,,3,,
,,,,,,,,,2.0,,2.7,,,,,,55,,,,,,,,,,,,,,,,,,,,1700,,12,,,,3,,
,,,,,,,,,10.0,,109.3,,,,,,55,,,,,,,,,,,,,,,,,,,,1700,,12,,,,3,,
,,,,,,,,,6.0,,22.1,,,,,,55,,,,,,,,,,,,,,,,,,,,1700,,12,,,,3,,
,,,,,,,,,1.0,,2.5,,,,,,55,,,,,,,,,,,,,,,,,,,,1700,,12,,,,3,,
,,,,,,,,,12.0,,402.5,,,,,,55,,,,,,,,,,,,,,,,,,,,1700,,12,,,,3,,
,,,,,,,,,5.0,,19.0,,,,,,55,,,,,,,,,,,,,,,,,,,,1700,,12,,,,3,,
,,,,,,,,,3.0,,3.9,,,,,,55,,,,,,,,,,,,,,,,,,,,1700,,12,,,,3,,
,,,,,,,,,8.0,,47.6,,,,,,55,,,,,,,,,,,,,,,,,,,,1700,,12,,,,3,,
,,,,,,,,,4.0,,18.6,,,,,,55,,,,,,,,,,,,,,,,,,,,1700,,12,,,,3,,
,,,,,,,,,9.0,,53.7,,,,,,55,,,,,,,,,,,,,,,,,,,,1700,,12,,,,3,,
,,,,,,,,,11.0,,155.0,,,,,,55,,,,,,,,,,,,,,,,,,,,1700,,12,,,,3,,
,,,,,,,,,10.0,,129.8,,,,,,53,,,,,,,,,,,,,,,,,,,,1400,,12,,,,9,,
,,,,,,,,,1.0,,1.7,,,,,,55,,,,,,,,,,,,,,,,,,,,1400,,12,,,,4,,
,,,,,,,,,7.0,,67.3,,,,,,56,,,,,,,,,,,,,,,,,,,,1400,,12,,,,7,,
,,,,,,,,,6.0,,25.6,,,,,,57,,,,,,,,,,,,,,,,,,,,1400,,12,,,,7,,
,,,,,,,,,2.0,,3.5,,,,,,55,,,,,,,,,,,,,,,,,,,,1400,,12,,,,4,,
,,,,,,,,,3.0,,10.2,,,,,,57,,,,,,,,,,,,,,,,,,,,1400,,12,,,,4,,
,,,,,,,,,12.0,,391.8,,,,,,57,,,,,,,,,,,,,,,,,,,,1400,,12,,,,7,,
,,,,,,,,,9.0,,129.0,,,,,,55,,,,,,,,,,,,,,,,,,,,1400,,12,,,,6,,
,,,,,,,,,8.0,,76.8,,,,,,55,,,,,,,,,,,,,,,,,,,,1400,,12,,,,7,,
,,,,,,,,,4.0,,10.5,,,,,,57,,,,,,,,,,,,,,,,,,,,1400,,12,,,,5,,
,,,,,,,,,5.0,,12.9,,,,,,57,,,,,,,,,,,,,,,,,,,,1400,,12,,,,5,,
,,,,,,,,,11.0,,225.7,,,,,,54,,,,,,,,,,,,,,,,,,,,1400,,12,,,,8,,
